Subject_ID,Y276,Y341,Y357
XP_030859242.3,1,1,1
XP_055223462.2,1,1,1
XP_030858898.2,1,1,1
XP_054968463.1,1,1,1
XP_054968460.1,1,1,1
XP_054968462.1,1,1,1
XP_054968461.1,1,1,1
XP_054968459.1,1,1,1
XP_063458098.1,1,1,0
XP_063462589.1,0,1,0
XP_063461644.1,0,1,0
XP_063449884.1,0,1,0
XP_054973320.1,0,1,0
XP_054972152.2,0,1,0
XP_054956172.1,0,1,0
XP_054949546.1,0,1,0
XP_054948214.1,0,1,0
XP_054962570.1,0,1,0
XP_034795469.2,0,1,0
XP_054966863.2,0,1,0
XP_063451741.1,0,0,0
XP_054344291.1,1,1,1
XP_054344290.1,1,1,1
XP_054344289.1,1,1,1
XP_054344288.1,1,1,1
XP_054309519.2,1,1,0
XP_054540419.2,1,1,1
XP_054540418.2,1,1,1
XP_054540417.2,1,1,1
XP_054540416.2,1,1,1
XP_054540415.2,1,1,1
XP_016808991.4,1,1,1
XP_063647097.1,0,1,1
XP_054514594.2,0,1,1
XP_054541538.1,1,1,0
XP_054532868.1,1,1,1
XP_054411252.1,1,1,1
XP_009249362.3,1,1,0
NP_064612.2,1,1,1
NP_001363829.1,1,1,1
XP_016878373.1,1,1,0
XP_016878372.1,1,1,0
XP_016878371.1,1,1,0
NP_001091643.1,1,1,0
XP_011521131.1,1,0,0
